title,image
ability,public://wordplots/ability.png
abiotic,public://wordplots/abiotic.png
absorption,public://wordplots/absorption.png
abundance,public://wordplots/abundance.png
abundant,public://wordplots/abundant.png
accumulation,public://wordplots/accumulation.png
accuracy,public://wordplots/accuracy.png
accurate,public://wordplots/accurate.png
achieve,public://wordplots/achieve.png
achieved,public://wordplots/achieved.png
acid,public://wordplots/acid.png
acids,public://wordplots/acids.png
action,public://wordplots/action.png
activated,public://wordplots/activated.png
activation,public://wordplots/activation.png
active,public://wordplots/active.png
activities,public://wordplots/activities.png
activity,public://wordplots/activity.png
adaptive,public://wordplots/adaptive.png
addition,public://wordplots/addition.png
additional,public://wordplots/additional.png
adhesion,public://wordplots/adhesion.png
adsorption,public://wordplots/adsorption.png
advances,public://wordplots/advances.png
advantages,public://wordplots/advantages.png
affect,public://wordplots/affect.png
affected,public://wordplots/affected.png
affinity,public://wordplots/affinity.png
agent,public://wordplots/agent.png
albumin,public://wordplots/albumin.png
algorithm,public://wordplots/algorithm.png
algorithms,public://wordplots/algorithms.png
alpha,public://wordplots/alpha.png
altered,public://wordplots/altered.png
alternative,public://wordplots/alternative.png
amino,public://wordplots/amino.png
amount,public://wordplots/amount.png
amplification,public://wordplots/amplification.png
analyses,public://wordplots/analyses.png
analysis,public://wordplots/analysis.png
analyze,public://wordplots/analyze.png
analyzed,public://wordplots/analyzed.png
animal,public://wordplots/animal.png
animals,public://wordplots/animals.png
annotated,public://wordplots/annotated.png
antibody,public://wordplots/antibody.png
antigen,public://wordplots/antigen.png
antioxidant,public://wordplots/antioxidant.png
apoptosis,public://wordplots/apoptosis.png
application,public://wordplots/application.png
applications,public://wordplots/applications.png
applied,public://wordplots/applied.png
approach,public://wordplots/approach.png
approaches,public://wordplots/approaches.png
approximately,public://wordplots/approximately.png
aqueous,public://wordplots/aqueous.png
arabidopsis,public://wordplots/arabidopsis.png
area,public://wordplots/area.png
array,public://wordplots/array.png
article,public://wordplots/article.png
artificial,public://wordplots/artificial.png
assay,public://wordplots/assay.png
assays,public://wordplots/assays.png
assembled,public://wordplots/assembled.png
assembly,public://wordplots/assembly.png
association,public://wordplots/association.png
attention,public://wordplots/attention.png
average,public://wordplots/average.png
bacteria,public://wordplots/bacteria.png
bacterial,public://wordplots/bacterial.png
base,public://wordplots/base.png
based,public://wordplots/based.png
basic,public://wordplots/basic.png
basis,public://wordplots/basis.png
behavior,public://wordplots/behavior.png
beta,public://wordplots/beta.png
binding,public://wordplots/binding.png
biochemical,public://wordplots/biochemical.png
bioinformatics,public://wordplots/bioinformatics.png
biological,public://wordplots/biological.png
biology,public://wordplots/biology.png
biomarker,public://wordplots/biomarker.png
biomarkers,public://wordplots/biomarkers.png
biomass,public://wordplots/biomass.png
biomimetic,public://wordplots/biomimetic.png
biosensor,public://wordplots/biosensor.png
biosynthesis,public://wordplots/biosynthesis.png
blood,public://wordplots/blood.png
blot,public://wordplots/blot.png
body,public://wordplots/body.png
bone,public://wordplots/bone.png
bovine,public://wordplots/bovine.png
brain,public://wordplots/brain.png
breast,public://wordplots/breast.png
breeding,public://wordplots/breeding.png
business,public://wordplots/business.png
calcium,public://wordplots/calcium.png
calculated,public://wordplots/calculated.png
cancer,public://wordplots/cancer.png
candidate,public://wordplots/candidate.png
capability,public://wordplots/capability.png
capacity,public://wordplots/capacity.png
carbon,public://wordplots/carbon.png
carcinoma,public://wordplots/carcinoma.png
cardiac,public://wordplots/cardiac.png
carried,public://wordplots/carried.png
cartilage,public://wordplots/cartilage.png
cases,public://wordplots/cases.png
caspase,public://wordplots/caspase.png
catalytic,public://wordplots/catalytic.png
caused,public://wordplots/caused.png
cell,public://wordplots/cell.png
cells,public://wordplots/cells.png
cellular,public://wordplots/cellular.png
cellulose,public://wordplots/cellulose.png
central,public://wordplots/central.png
cerevisiae,public://wordplots/cerevisiae.png
chain,public://wordplots/chain.png
challenge,public://wordplots/challenge.png
change,public://wordplots/change.png
changed,public://wordplots/changed.png
channel,public://wordplots/channel.png
characteristic,public://wordplots/characteristic.png
characteristics,public://wordplots/characteristics.png
characterization,public://wordplots/characterization.png
characterized,public://wordplots/characterized.png
chemical,public://wordplots/chemical.png
china,public://wordplots/china.png
chinese,public://wordplots/chinese.png
chromatography,public://wordplots/chromatography.png
chromosome,public://wordplots/chromosome.png
class,public://wordplots/class.png
classification,public://wordplots/classification.png
clinical,public://wordplots/clinical.png
cloned,public://wordplots/cloned.png
clones,public://wordplots/clones.png
closely,public://wordplots/closely.png
cluster,public://wordplots/cluster.png
clustering,public://wordplots/clustering.png
clusters,public://wordplots/clusters.png
coating,public://wordplots/coating.png
coding,public://wordplots/coding.png
coefficient,public://wordplots/coefficient.png
cold,public://wordplots/cold.png
coli,public://wordplots/coli.png
collagen,public://wordplots/collagen.png
collected,public://wordplots/collected.png
combination,public://wordplots/combination.png
combined,public://wordplots/combined.png
combining,public://wordplots/combining.png
common,public://wordplots/common.png
community,public://wordplots/community.png
comparative,public://wordplots/comparative.png
compared,public://wordplots/compared.png
comparing,public://wordplots/comparing.png
comparison,public://wordplots/comparison.png
complete,public://wordplots/complete.png
complex,public://wordplots/complex.png
complexes,public://wordplots/complexes.png
component,public://wordplots/component.png
components,public://wordplots/components.png
composed,public://wordplots/composed.png
composite,public://wordplots/composite.png
composition,public://wordplots/composition.png
compounds,public://wordplots/compounds.png
comprehensive,public://wordplots/comprehensive.png
computational,public://wordplots/computational.png
concentration,public://wordplots/concentration.png
concentrations,public://wordplots/concentrations.png
conclusion,public://wordplots/conclusion.png
conclusions,public://wordplots/conclusions.png
condition,public://wordplots/condition.png
conditions,public://wordplots/conditions.png
conducted,public://wordplots/conducted.png
confirmed,public://wordplots/confirmed.png
conserved,public://wordplots/conserved.png
considered,public://wordplots/considered.png
consistent,public://wordplots/consistent.png
construct,public://wordplots/construct.png
constructed,public://wordplots/constructed.png
construction,public://wordplots/construction.png
contact,public://wordplots/contact.png
content,public://wordplots/content.png
contents,public://wordplots/contents.png
contrast,public://wordplots/contrast.png
contribute,public://wordplots/contribute.png
control,public://wordplots/control.png
controlled,public://wordplots/controlled.png
controller,public://wordplots/controller.png
controls,public://wordplots/controls.png
conventional,public://wordplots/conventional.png
copyright,public://wordplots/copyright.png
core,public://wordplots/core.png
correlated,public://wordplots/correlated.png
correlation,public://wordplots/correlation.png
cost,public://wordplots/cost.png
cotton,public://wordplots/cotton.png
coupled,public://wordplots/coupled.png
critical,public://wordplots/critical.png
crucial,public://wordplots/crucial.png
crystal,public://wordplots/crystal.png
culture,public://wordplots/culture.png
cultured,public://wordplots/cultured.png
current,public://wordplots/current.png
cycle,public://wordplots/cycle.png
damage,public://wordplots/damage.png
data,public://wordplots/data.png
database,public://wordplots/database.png
datasets,public://wordplots/datasets.png
day,public://wordplots/day.png
days,public://wordplots/days.png
death,public://wordplots/death.png
decrease,public://wordplots/decrease.png
decreased,public://wordplots/decreased.png
defined,public://wordplots/defined.png
degradation,public://wordplots/degradation.png
degree,public://wordplots/degree.png
degrees,public://wordplots/degrees.png
dehydrogenase,public://wordplots/dehydrogenase.png
deletion,public://wordplots/deletion.png
delivery,public://wordplots/delivery.png
demonstrate,public://wordplots/demonstrate.png
demonstrated,public://wordplots/demonstrated.png
density,public://wordplots/density.png
dependent,public://wordplots/dependent.png
derived,public://wordplots/derived.png
describe,public://wordplots/describe.png
design,public://wordplots/design.png
designed,public://wordplots/designed.png
detect,public://wordplots/detect.png
detected,public://wordplots/detected.png
detection,public://wordplots/detection.png
determination,public://wordplots/determination.png
determine,public://wordplots/determine.png
determined,public://wordplots/determined.png
develop,public://wordplots/develop.png
developed,public://wordplots/developed.png
developing,public://wordplots/developing.png
development,public://wordplots/development.png
developmental,public://wordplots/developmental.png
diabetes,public://wordplots/diabetes.png
diagnosis,public://wordplots/diagnosis.png
diagnostic,public://wordplots/diagnostic.png
difference,public://wordplots/difference.png
differences,public://wordplots/differences.png
differential,public://wordplots/differential.png
differentially,public://wordplots/differentially.png
differentiation,public://wordplots/differentiation.png
digestion,public://wordplots/digestion.png
direct,public://wordplots/direct.png
directly,public://wordplots/directly.png
discovery,public://wordplots/discovery.png
discussed,public://wordplots/discussed.png
disease,public://wordplots/disease.png
diseases,public://wordplots/diseases.png
displayed,public://wordplots/displayed.png
distance,public://wordplots/distance.png
distinct,public://wordplots/distinct.png
distributed,public://wordplots/distributed.png
distribution,public://wordplots/distribution.png
diverse,public://wordplots/diverse.png
diversity,public://wordplots/diversity.png
domain,public://wordplots/domain.png
domains,public://wordplots/domains.png
down-regulated,public://wordplots/regulated.png
drought,public://wordplots/drought.png
drug,public://wordplots/drug.png
drugs,public://wordplots/drugs.png
due,public://wordplots/due.png
dynamic,public://wordplots/dynamic.png
dynamics,public://wordplots/dynamics.png
early,public://wordplots/early.png
effect,public://wordplots/effect.png
effective,public://wordplots/effective.png
effectively,public://wordplots/effectively.png
effectiveness,public://wordplots/effectiveness.png
effects,public://wordplots/effects.png
efficiency,public://wordplots/efficiency.png
efficient,public://wordplots/efficient.png
efficiently,public://wordplots/efficiently.png
electrochemical,public://wordplots/electrochemical.png
electrode,public://wordplots/electrode.png
electron,public://wordplots/electron.png
electrophoresis,public://wordplots/electrophoresis.png
elements,public://wordplots/elements.png
elevated,public://wordplots/elevated.png
embryonic,public://wordplots/embryonic.png
embryos,public://wordplots/embryos.png
employed,public://wordplots/employed.png
encoding,public://wordplots/encoding.png
end,public://wordplots/end.png
endogenous,public://wordplots/endogenous.png
endothelial,public://wordplots/endothelial.png
energy,public://wordplots/energy.png
engineered,public://wordplots/engineered.png
engineering,public://wordplots/engineering.png
enhance,public://wordplots/enhance.png
enhanced,public://wordplots/enhanced.png
enriched,public://wordplots/enriched.png
enrichment,public://wordplots/enrichment.png
environment,public://wordplots/environment.png
environmental,public://wordplots/environmental.png
enzymatic,public://wordplots/enzymatic.png
enzyme,public://wordplots/enzyme.png
enzymes,public://wordplots/enzymes.png
epigenetic,public://wordplots/epigenetic.png
error,public://wordplots/error.png
escherichia,public://wordplots/escherichia.png
essential,public://wordplots/essential.png
established,public://wordplots/established.png
ethanol,public://wordplots/ethanol.png
evaluate,public://wordplots/evaluate.png
evaluated,public://wordplots/evaluated.png
evaluation,public://wordplots/evaluation.png
events,public://wordplots/events.png
evidence,public://wordplots/evidence.png
evolution,public://wordplots/evolution.png
evolutionary,public://wordplots/evolutionary.png
examined,public://wordplots/examined.png
excellent,public://wordplots/excellent.png
exhibited,public://wordplots/exhibited.png
existing,public://wordplots/existing.png
expansion,public://wordplots/expansion.png
expected,public://wordplots/expected.png
experiment,public://wordplots/experiment.png
experimental,public://wordplots/experimental.png
experiments,public://wordplots/experiments.png
explore,public://wordplots/explore.png
exposed,public://wordplots/exposed.png
exposure,public://wordplots/exposure.png
expressed,public://wordplots/expressed.png
expression,public://wordplots/expression.png
extracellular,public://wordplots/extracellular.png
extract,public://wordplots/extract.png
extracted,public://wordplots/extracted.png
extraction,public://wordplots/extraction.png
fabricated,public://wordplots/fabricated.png
facilitate,public://wordplots/facilitate.png
factor,public://wordplots/factor.png
factors,public://wordplots/factors.png
family,public://wordplots/family.png
fast,public://wordplots/fast.png
fatty,public://wordplots/fatty.png
feature,public://wordplots/feature.png
features,public://wordplots/features.png
feedback,public://wordplots/feedback.png
fermentation,public://wordplots/fermentation.png
fiber,public://wordplots/fiber.png
fibers,public://wordplots/fibers.png
field,public://wordplots/field.png
film,public://wordplots/film.png
films,public://wordplots/films.png
finally,public://wordplots/finally.png
find,public://wordplots/find.png
findings,public://wordplots/findings.png
firstly,public://wordplots/firstly.png
fish,public://wordplots/fish.png
flow,public://wordplots/flow.png
fluorescence,public://wordplots/fluorescence.png
fluorescent,public://wordplots/fluorescent.png
fold,public://wordplots/fold.png
folding,public://wordplots/folding.png
food,public://wordplots/food.png
force,public://wordplots/force.png
form,public://wordplots/form.png
formation,public://wordplots/formation.png
formed,public://wordplots/formed.png
found,public://wordplots/found.png
fragment,public://wordplots/fragment.png
fragments,public://wordplots/fragments.png
framework,public://wordplots/framework.png
free,public://wordplots/free.png
frequency,public://wordplots/frequency.png
fruit,public://wordplots/fruit.png
function,public://wordplots/function.png
functional,public://wordplots/functional.png
functions,public://wordplots/functions.png
fusion,public://wordplots/fusion.png
future,public://wordplots/future.png
fuzzy,public://wordplots/fuzzy.png
gas,public://wordplots/gas.png
gastric,public://wordplots/gastric.png
gel,public://wordplots/gel.png
gene,public://wordplots/gene.png
general,public://wordplots/general.png
generate,public://wordplots/generate.png
generated,public://wordplots/generated.png
generation,public://wordplots/generation.png
genes,public://wordplots/genes.png
genetic,public://wordplots/genetic.png
genome-wide,public://wordplots/wide.png
genome,public://wordplots/genome.png
genomes,public://wordplots/genomes.png
genomic,public://wordplots/genomic.png
genomics,public://wordplots/genomics.png
global,public://wordplots/global.png
glucose,public://wordplots/glucose.png
gold,public://wordplots/gold.png
good,public://wordplots/good.png
grain,public://wordplots/grain.png
great,public://wordplots/great.png
greater,public://wordplots/greater.png
greatly,public://wordplots/greatly.png
green,public://wordplots/green.png
group,public://wordplots/group.png
groups,public://wordplots/groups.png
growth,public://wordplots/growth.png
health,public://wordplots/health.png
healthy,public://wordplots/healthy.png
heat,public://wordplots/heat.png
high-throughput,public://wordplots/throughput.png
high,public://wordplots/high.png
higher,public://wordplots/higher.png
highest,public://wordplots/highest.png
highly,public://wordplots/highly.png
histone,public://wordplots/histone.png
host,public://wordplots/host.png
human,public://wordplots/human.png
hybrid,public://wordplots/hybrid.png
hybridization,public://wordplots/hybridization.png
hydrogel,public://wordplots/hydrogel.png
hydrogen,public://wordplots/hydrogen.png
hydrophobic,public://wordplots/hydrophobic.png
i.e,public://wordplots/e.png
identification,public://wordplots/identification.png
identified,public://wordplots/identified.png
identify,public://wordplots/identify.png
identifying,public://wordplots/identifying.png
image,public://wordplots/image.png
images,public://wordplots/images.png
imaging,public://wordplots/imaging.png
immobilized,public://wordplots/immobilized.png
immune,public://wordplots/immune.png
immunosensor,public://wordplots/immunosensor.png
impact,public://wordplots/impact.png
importance,public://wordplots/importance.png
important,public://wordplots/important.png
improve,public://wordplots/improve.png
improved,public://wordplots/improved.png
improvement,public://wordplots/improvement.png
improving,public://wordplots/improving.png
included,public://wordplots/included.png
including,public://wordplots/including.png
increase,public://wordplots/increase.png
increased,public://wordplots/increased.png
increases,public://wordplots/increases.png
increasing,public://wordplots/increasing.png
independent,public://wordplots/independent.png
index,public://wordplots/index.png
indicating,public://wordplots/indicating.png
individual,public://wordplots/individual.png
induce,public://wordplots/induce.png
induced,public://wordplots/induced.png
induction,public://wordplots/induction.png
industrial,public://wordplots/industrial.png
infection,public://wordplots/infection.png
influence,public://wordplots/influence.png
information,public://wordplots/information.png
infrared,public://wordplots/infrared.png
inhibited,public://wordplots/inhibited.png
inhibition,public://wordplots/inhibition.png
inhibitor,public://wordplots/inhibitor.png
inhibitors,public://wordplots/inhibitors.png
initial,public://wordplots/initial.png
injury,public://wordplots/injury.png
insight,public://wordplots/insight.png
insights,public://wordplots/insights.png
insulin,public://wordplots/insulin.png
integrated,public://wordplots/integrated.png
integration,public://wordplots/integration.png
intensity,public://wordplots/intensity.png
interaction,public://wordplots/interaction.png
interactions,public://wordplots/interactions.png
interest,public://wordplots/interest.png
interface,public://wordplots/interface.png
intracellular,public://wordplots/intracellular.png
introduced,public://wordplots/introduced.png
investigate,public://wordplots/investigate.png
investigated,public://wordplots/investigated.png
investigation,public://wordplots/investigation.png
involved,public://wordplots/involved.png
ion,public://wordplots/ion.png
ions,public://wordplots/ions.png
isolated,public://wordplots/isolated.png
key,public://wordplots/key.png
kinase,public://wordplots/kinase.png
kinds,public://wordplots/kinds.png
knowledge,public://wordplots/knowledge.png
land,public://wordplots/land.png
large-scale,public://wordplots/scale.png
large,public://wordplots/large.png
larger,public://wordplots/larger.png
laser,public://wordplots/laser.png
layer,public://wordplots/layer.png
lead,public://wordplots/lead.png
leading,public://wordplots/leading.png
leaf,public://wordplots/leaf.png
learning,public://wordplots/learning.png
leaves,public://wordplots/leaves.png
led,public://wordplots/led.png
length,public://wordplots/length.png
level,public://wordplots/level.png
levels,public://wordplots/levels.png
library,public://wordplots/library.png
life,public://wordplots/life.png
light,public://wordplots/light.png
limit,public://wordplots/limit.png
limited,public://wordplots/limited.png
line,public://wordplots/line.png
linear,public://wordplots/linear.png
lines,public://wordplots/lines.png
lipid,public://wordplots/lipid.png
liquid,public://wordplots/liquid.png
liver,public://wordplots/liver.png
local,public://wordplots/local.png
localization,public://wordplots/localization.png
located,public://wordplots/located.png
loci,public://wordplots/loci.png
long,public://wordplots/long.png
loss,public://wordplots/loss.png
low,public://wordplots/low.png
lower,public://wordplots/lower.png
lung,public://wordplots/lung.png
made,public://wordplots/made.png
magnetic,public://wordplots/magnetic.png
main,public://wordplots/main.png
maize,public://wordplots/maize.png
major,public://wordplots/major.png
make,public://wordplots/make.png
male,public://wordplots/male.png
manner,public://wordplots/manner.png
map,public://wordplots/map.png
mapping,public://wordplots/mapping.png
marker,public://wordplots/marker.png
markers,public://wordplots/markers.png
mass,public://wordplots/mass.png
material,public://wordplots/material.png
materials,public://wordplots/materials.png
matrix-assisted,public://wordplots/assisted.png
matrix,public://wordplots/matrix.png
maximum,public://wordplots/maximum.png
means,public://wordplots/means.png
measured,public://wordplots/measured.png
measurement,public://wordplots/measurement.png
mechanical,public://wordplots/mechanical.png
mechanism,public://wordplots/mechanism.png
mechanisms,public://wordplots/mechanisms.png
media,public://wordplots/media.png
mediated,public://wordplots/mediated.png
medicine,public://wordplots/medicine.png
medium,public://wordplots/medium.png
membrane,public://wordplots/membrane.png
metabolic,public://wordplots/metabolic.png
metabolism,public://wordplots/metabolism.png
metabolite,public://wordplots/metabolite.png
metabolites,public://wordplots/metabolites.png
metabolomic,public://wordplots/metabolomic.png
metabolomics,public://wordplots/metabolomics.png
metal,public://wordplots/metal.png
metastasis,public://wordplots/metastasis.png
method,public://wordplots/method.png
methods,public://wordplots/methods.png
methylation,public://wordplots/methylation.png
mice,public://wordplots/mice.png
micelles,public://wordplots/micelles.png
microarray,public://wordplots/microarray.png
microbial,public://wordplots/microbial.png
microscopy,public://wordplots/microscopy.png
microspheres,public://wordplots/microspheres.png
migration,public://wordplots/migration.png
min,public://wordplots/min.png
mitochondrial,public://wordplots/mitochondrial.png
mode,public://wordplots/mode.png
model,public://wordplots/model.png
modeling,public://wordplots/modeling.png
models,public://wordplots/models.png
modification,public://wordplots/modification.png
modified,public://wordplots/modified.png
molecular,public://wordplots/molecular.png
molecule,public://wordplots/molecule.png
molecules,public://wordplots/molecules.png
monitoring,public://wordplots/monitoring.png
morphology,public://wordplots/morphology.png
motion,public://wordplots/motion.png
mouse,public://wordplots/mouse.png
multiple,public://wordplots/multiple.png
muscle,public://wordplots/muscle.png
mutant,public://wordplots/mutant.png
mutants,public://wordplots/mutants.png
mutation,public://wordplots/mutation.png
mutations,public://wordplots/mutations.png
nanoparticles,public://wordplots/nanoparticles.png
native,public://wordplots/native.png
natural,public://wordplots/natural.png
nature,public://wordplots/nature.png
negative,public://wordplots/negative.png
nerve,public://wordplots/nerve.png
network,public://wordplots/network.png
networks,public://wordplots/networks.png
neural,public://wordplots/neural.png
nitrogen,public://wordplots/nitrogen.png
nonlinear,public://wordplots/nonlinear.png
normal,public://wordplots/normal.png
nuclear,public://wordplots/nuclear.png
nucleotide,public://wordplots/nucleotide.png
number,public://wordplots/number.png
observed,public://wordplots/observed.png
obtain,public://wordplots/obtain.png
obtained,public://wordplots/obtained.png
oil,public://wordplots/oil.png
ontology,public://wordplots/ontology.png
open,public://wordplots/open.png
operation,public://wordplots/operation.png
optical,public://wordplots/optical.png
optimal,public://wordplots/optimal.png
optimization,public://wordplots/optimization.png
optimized,public://wordplots/optimized.png
optimum,public://wordplots/optimum.png
order,public://wordplots/order.png
organic,public://wordplots/organic.png
organisms,public://wordplots/organisms.png
original,public://wordplots/original.png
overexpression,public://wordplots/overexpression.png
oxidation,public://wordplots/oxidation.png
oxidative,public://wordplots/oxidative.png
oxygen,public://wordplots/oxygen.png
pairs,public://wordplots/pairs.png
pancreatic,public://wordplots/pancreatic.png
paper,public://wordplots/paper.png
parallel,public://wordplots/parallel.png
parameters,public://wordplots/parameters.png
part,public://wordplots/part.png
partial,public://wordplots/partial.png
particle,public://wordplots/particle.png
particles,public://wordplots/particles.png
pathogenesis,public://wordplots/pathogenesis.png
pathway,public://wordplots/pathway.png
pathways,public://wordplots/pathways.png
patients,public://wordplots/patients.png
pattern,public://wordplots/pattern.png
patterns,public://wordplots/patterns.png
peak,public://wordplots/peak.png
peaks,public://wordplots/peaks.png
peptide,public://wordplots/peptide.png
peptides,public://wordplots/peptides.png
performance,public://wordplots/performance.png
performed,public://wordplots/performed.png
period,public://wordplots/period.png
phase,public://wordplots/phase.png
phenotype,public://wordplots/phenotype.png
phosphate,public://wordplots/phosphate.png
phosphorylation,public://wordplots/phosphorylation.png
phylogenetic,public://wordplots/phylogenetic.png
physical,public://wordplots/physical.png
physiological,public://wordplots/physiological.png
plant,public://wordplots/plant.png
plants,public://wordplots/plants.png
plasma,public://wordplots/plasma.png
plasmid,public://wordplots/plasmid.png
platform,public://wordplots/platform.png
play,public://wordplots/play.png
plays,public://wordplots/plays.png
pluripotent,public://wordplots/pluripotent.png
point,public://wordplots/point.png
points,public://wordplots/points.png
pollen,public://wordplots/pollen.png
polymer,public://wordplots/polymer.png
polymerase,public://wordplots/polymerase.png
population,public://wordplots/population.png
populations,public://wordplots/populations.png
position,public://wordplots/position.png
positive,public://wordplots/positive.png
potential,public://wordplots/potential.png
potentially,public://wordplots/potentially.png
power,public://wordplots/power.png
powerful,public://wordplots/powerful.png
practical,public://wordplots/practical.png
predict,public://wordplots/predict.png
predicted,public://wordplots/predicted.png
prediction,public://wordplots/prediction.png
preparation,public://wordplots/preparation.png
prepared,public://wordplots/prepared.png
presence,public://wordplots/presence.png
present,public://wordplots/present.png
presented,public://wordplots/presented.png
presents,public://wordplots/presents.png
pressure,public://wordplots/pressure.png
previous,public://wordplots/previous.png
previously,public://wordplots/previously.png
primary,public://wordplots/primary.png
probe,public://wordplots/probe.png
problem,public://wordplots/problem.png
problems,public://wordplots/problems.png
procedure,public://wordplots/procedure.png
process,public://wordplots/process.png
processes,public://wordplots/processes.png
processing,public://wordplots/processing.png
produce,public://wordplots/produce.png
produced,public://wordplots/produced.png
product,public://wordplots/product.png
production,public://wordplots/production.png
products,public://wordplots/products.png
profile,public://wordplots/profile.png
profiles,public://wordplots/profiles.png
profiling,public://wordplots/profiling.png
progress,public://wordplots/progress.png
progression,public://wordplots/progression.png
proliferation,public://wordplots/proliferation.png
promising,public://wordplots/promising.png
promote,public://wordplots/promote.png
promoter,public://wordplots/promoter.png
properties,public://wordplots/properties.png
property,public://wordplots/property.png
propose,public://wordplots/propose.png
proposed,public://wordplots/proposed.png
prostate,public://wordplots/prostate.png
protein-protein,public://wordplots/protein.png
protein,public://wordplots/protein.png
proteins,public://wordplots/proteins.png
proteome,public://wordplots/proteome.png
proteomic,public://wordplots/proteomic.png
proteomics,public://wordplots/proteomics.png
protocol,public://wordplots/protocol.png
proved,public://wordplots/proved.png
provide,public://wordplots/provide.png
provided,public://wordplots/provided.png
published,public://wordplots/published.png
purified,public://wordplots/purified.png
putative,public://wordplots/putative.png
quality,public://wordplots/quality.png
quantitative,public://wordplots/quantitative.png
range,public://wordplots/range.png
rapid,public://wordplots/rapid.png
rapidly,public://wordplots/rapidly.png
rat,public://wordplots/rat.png
rate,public://wordplots/rate.png
rates,public://wordplots/rates.png
ratio,public://wordplots/ratio.png
rats,public://wordplots/rats.png
reached,public://wordplots/reached.png
reaction,public://wordplots/reaction.png
reactions,public://wordplots/reactions.png
reactive,public://wordplots/reactive.png
reading,public://wordplots/reading.png
reads,public://wordplots/reads.png
real-time,public://wordplots/time.png
real,public://wordplots/real.png
recent,public://wordplots/recent.png
recently,public://wordplots/recently.png
receptor,public://wordplots/receptor.png
recognition,public://wordplots/recognition.png
recombinant,public://wordplots/recombinant.png
recovery,public://wordplots/recovery.png
red,public://wordplots/red.png
reduce,public://wordplots/reduce.png
reduced,public://wordplots/reduced.png
reduction,public://wordplots/reduction.png
reference,public://wordplots/reference.png
regeneration,public://wordplots/regeneration.png
region,public://wordplots/region.png
regions,public://wordplots/regions.png
regulate,public://wordplots/regulate.png
regulated,public://wordplots/regulated.png
regulating,public://wordplots/regulating.png
regulation,public://wordplots/regulation.png
regulatory,public://wordplots/regulatory.png
related,public://wordplots/related.png
relationship,public://wordplots/relationship.png
relative,public://wordplots/relative.png
release,public://wordplots/release.png
relevant,public://wordplots/relevant.png
reliable,public://wordplots/reliable.png
remains,public://wordplots/remains.png
removal,public://wordplots/removal.png
renal,public://wordplots/renal.png
repair,public://wordplots/repair.png
replication,public://wordplots/replication.png
report,public://wordplots/report.png
reported,public://wordplots/reported.png
reprogramming,public://wordplots/reprogramming.png
required,public://wordplots/required.png
research,public://wordplots/research.png
reserved,public://wordplots/reserved.png
residues,public://wordplots/residues.png
resistance,public://wordplots/resistance.png
resolution,public://wordplots/resolution.png
resonance,public://wordplots/resonance.png
resource,public://wordplots/resource.png
resources,public://wordplots/resources.png
response,public://wordplots/response.png
responses,public://wordplots/responses.png
responsible,public://wordplots/responsible.png
result,public://wordplots/result.png
resulted,public://wordplots/resulted.png
resulting,public://wordplots/resulting.png
results,public://wordplots/results.png
reveal,public://wordplots/reveal.png
revealed,public://wordplots/revealed.png
reverse,public://wordplots/reverse.png
review,public://wordplots/review.png
rice,public://wordplots/rice.png
rights,public://wordplots/rights.png
risk,public://wordplots/risk.png
robot,public://wordplots/robot.png
robust,public://wordplots/robust.png
role,public://wordplots/role.png
roles,public://wordplots/roles.png
root,public://wordplots/root.png
roots,public://wordplots/roots.png
salt,public://wordplots/salt.png
sample,public://wordplots/sample.png
samples,public://wordplots/samples.png
scaffold,public://wordplots/scaffold.png
scaffolds,public://wordplots/scaffolds.png
scale,public://wordplots/scale.png
scanning,public://wordplots/scanning.png
scheme,public://wordplots/scheme.png
science,public://wordplots/science.png
screening,public://wordplots/screening.png
search,public://wordplots/search.png
secondary,public://wordplots/secondary.png
seed,public://wordplots/seed.png
selected,public://wordplots/selected.png
selection,public://wordplots/selection.png
selective,public://wordplots/selective.png
sensing,public://wordplots/sensing.png
sensitive,public://wordplots/sensitive.png
sensitivity,public://wordplots/sensitivity.png
sensor,public://wordplots/sensor.png
separated,public://wordplots/separated.png
separation,public://wordplots/separation.png
sequence,public://wordplots/sequence.png
sequenced,public://wordplots/sequenced.png
sequences,public://wordplots/sequences.png
sequencing,public://wordplots/sequencing.png
series,public://wordplots/series.png
serum,public://wordplots/serum.png
serve,public://wordplots/serve.png
set,public://wordplots/set.png
sets,public://wordplots/sets.png
short,public://wordplots/short.png
show,public://wordplots/show.png
showed,public://wordplots/showed.png
shown,public://wordplots/shown.png
shows,public://wordplots/shows.png
signal,public://wordplots/signal.png
signaling,public://wordplots/signaling.png
signals,public://wordplots/signals.png
significance,public://wordplots/significance.png
significant,public://wordplots/significant.png
significantly,public://wordplots/significantly.png
silica,public://wordplots/silica.png
silk,public://wordplots/silk.png
similar,public://wordplots/similar.png
similarity,public://wordplots/similarity.png
simple,public://wordplots/simple.png
simulated,public://wordplots/simulated.png
simulation,public://wordplots/simulation.png
simultaneously,public://wordplots/simultaneously.png
single,public://wordplots/single.png
site,public://wordplots/site.png
sites,public://wordplots/sites.png
size,public://wordplots/size.png
skin,public://wordplots/skin.png
sludge,public://wordplots/sludge.png
small,public://wordplots/small.png
society,public://wordplots/society.png
sod,public://wordplots/sod.png
sodium,public://wordplots/sodium.png
software,public://wordplots/software.png
soil,public://wordplots/soil.png
solution,public://wordplots/solution.png
solutions,public://wordplots/solutions.png
somatic,public://wordplots/somatic.png
source,public://wordplots/source.png
soybean,public://wordplots/soybean.png
space,public://wordplots/space.png
species,public://wordplots/species.png
specific,public://wordplots/specific.png
specifically,public://wordplots/specifically.png
specificity,public://wordplots/specificity.png
spectra,public://wordplots/spectra.png
spectrometry,public://wordplots/spectrometry.png
spectroscopy,public://wordplots/spectroscopy.png
spectrum,public://wordplots/spectrum.png
speed,public://wordplots/speed.png
splicing,public://wordplots/splicing.png
spots,public://wordplots/spots.png
stability,public://wordplots/stability.png
stable,public://wordplots/stable.png
stage,public://wordplots/stage.png
stages,public://wordplots/stages.png
staining,public://wordplots/staining.png
standard,public://wordplots/standard.png
state,public://wordplots/state.png
statistical,public://wordplots/statistical.png
stem,public://wordplots/stem.png
step,public://wordplots/step.png
storage,public://wordplots/storage.png
strain,public://wordplots/strain.png
strains,public://wordplots/strains.png
strategies,public://wordplots/strategies.png
strategy,public://wordplots/strategy.png
strength,public://wordplots/strength.png
stress,public://wordplots/stress.png
stresses,public://wordplots/stresses.png
strong,public://wordplots/strong.png
structural,public://wordplots/structural.png
structure,public://wordplots/structure.png
structures,public://wordplots/structures.png
studied,public://wordplots/studied.png
studies,public://wordplots/studies.png
study,public://wordplots/study.png
subsequent,public://wordplots/subsequent.png
subsequently,public://wordplots/subsequently.png
substrate,public://wordplots/substrate.png
substrates,public://wordplots/substrates.png
subunit,public://wordplots/subunit.png
successfully,public://wordplots/successfully.png
suggest,public://wordplots/suggest.png
suggested,public://wordplots/suggested.png
suggesting,public://wordplots/suggesting.png
suggests,public://wordplots/suggests.png
suitable,public://wordplots/suitable.png
support,public://wordplots/support.png
surface,public://wordplots/surface.png
surfaces,public://wordplots/surfaces.png
survival,public://wordplots/survival.png
synthase,public://wordplots/synthase.png
synthesis,public://wordplots/synthesis.png
synthesized,public://wordplots/synthesized.png
synthetic,public://wordplots/synthetic.png
system,public://wordplots/system.png
systems,public://wordplots/systems.png
tandem,public://wordplots/tandem.png
target,public://wordplots/target.png
targeted,public://wordplots/targeted.png
targeting,public://wordplots/targeting.png
targets,public://wordplots/targets.png
tea,public://wordplots/tea.png
technique,public://wordplots/technique.png
techniques,public://wordplots/techniques.png
technologies,public://wordplots/technologies.png
technology,public://wordplots/technology.png
temperature,public://wordplots/temperature.png
terms,public://wordplots/terms.png
test,public://wordplots/test.png
tested,public://wordplots/tested.png
tests,public://wordplots/tests.png
theoretical,public://wordplots/theoretical.png
theory,public://wordplots/theory.png
therapeutic,public://wordplots/therapeutic.png
therapy,public://wordplots/therapy.png
thermal,public://wordplots/thermal.png
time,public://wordplots/time.png
times,public://wordplots/times.png
tissue,public://wordplots/tissue.png
tissues,public://wordplots/tissues.png
tobacco,public://wordplots/tobacco.png
tolerance,public://wordplots/tolerance.png
tool,public://wordplots/tool.png
tools,public://wordplots/tools.png
total,public://wordplots/total.png
toxicity,public://wordplots/toxicity.png
traditional,public://wordplots/traditional.png
traits,public://wordplots/traits.png
trans,public://wordplots/trans.png
transcription,public://wordplots/transcription.png
transcriptional,public://wordplots/transcriptional.png
transcriptome,public://wordplots/transcriptome.png
transcripts,public://wordplots/transcripts.png
transduction,public://wordplots/transduction.png
transfected,public://wordplots/transfected.png
transfer,public://wordplots/transfer.png
transform,public://wordplots/transform.png
transformation,public://wordplots/transformation.png
transgenic,public://wordplots/transgenic.png
transition,public://wordplots/transition.png
transmission,public://wordplots/transmission.png
transport,public://wordplots/transport.png
treated,public://wordplots/treated.png
treatment,public://wordplots/treatment.png
tree,public://wordplots/tree.png
tuberculosis,public://wordplots/tuberculosis.png
tumor,public://wordplots/tumor.png
tumors,public://wordplots/tumors.png
two-dimensional,public://wordplots/dimensional.png
type,public://wordplots/type.png
types,public://wordplots/types.png
typical,public://wordplots/typical.png
underlying,public://wordplots/underlying.png
understand,public://wordplots/understand.png
understanding,public://wordplots/understanding.png
unigenes,public://wordplots/unigenes.png
unique,public://wordplots/unique.png
unknown,public://wordplots/unknown.png
up-regulated,public://wordplots/regulated.png
upregulated,public://wordplots/upregulated.png
uptake,public://wordplots/uptake.png
urban,public://wordplots/urban.png
urine,public://wordplots/urine.png
utilized,public://wordplots/utilized.png
vaccine,public://wordplots/vaccine.png
validated,public://wordplots/validated.png
valuable,public://wordplots/valuable.png
values,public://wordplots/values.png
variation,public://wordplots/variation.png
variety,public://wordplots/variety.png
vascular,public://wordplots/vascular.png
vector,public://wordplots/vector.png
verified,public://wordplots/verified.png
viral,public://wordplots/viral.png
virulence,public://wordplots/virulence.png
virus,public://wordplots/virus.png
viruses,public://wordplots/viruses.png
vitro,public://wordplots/vitro.png
vivo,public://wordplots/vivo.png
wall,public://wordplots/wall.png
wastewater,public://wordplots/wastewater.png
water,public://wordplots/water.png
weeks,public://wordplots/weeks.png
weight,public://wordplots/weight.png
western,public://wordplots/western.png
wheat,public://wordplots/wheat.png
wide,public://wordplots/wide.png
widely,public://wordplots/widely.png
wild-type,public://wordplots/type.png
wild,public://wordplots/wild.png
work,public://wordplots/work.png
x-ray,public://wordplots/ray.png
years,public://wordplots/years.png
yeast,public://wordplots/yeast.png
yield,public://wordplots/yield.png
